Area,Item,Year,Value
Argentina,Sorghum,1961,1476700.0
Argentina,Sorghum,1962,1597600.0
Argentina,Sorghum,1963,1175800.0
Argentina,Sorghum,1964,1486500.0
Argentina,Sorghum,1965,1058500.0
Argentina,Sorghum,1966,2385900.0
Argentina,Sorghum,1967,1617500.0
Argentina,Sorghum,1968,2033300.0
Argentina,Sorghum,1969,2615500.0
Argentina,Sorghum,1970,4068400.0
Argentina,Sorghum,1971,4784000.0
Argentina,Sorghum,1972,2487900.0
Argentina,Sorghum,1973,5147300.0
Argentina,Sorghum,1974,6068600.0
Argentina,Sorghum,1975,4937800.0
Argentina,Sorghum,1976,5167300.0
Argentina,Sorghum,1977,6730000.0
Argentina,Sorghum,1978,7360000.0
Argentina,Sorghum,1979,6297000.0
Argentina,Sorghum,1980,2960000.0
Argentina,Sorghum,1981,7550000.0
Argentina,Sorghum,1982,8000000.0
Argentina,Sorghum,1983,8100000.0
Argentina,Sorghum,1984,6900000.0
Argentina,Sorghum,1985,6200000.0
Argentina,Sorghum,1986,4000000.0
Argentina,Sorghum,1987,2996800.0
Argentina,Sorghum,1988,3200000.0
Argentina,Sorghum,1989,1500000.0
Argentina,Sorghum,1990,2050000.0
Argentina,Sorghum,1991,2252400.0
Argentina,Sorghum,1992,2767000.0
Argentina,Sorghum,1993,2859700.0
Argentina,Sorghum,1994,2148000.0
Argentina,Sorghum,1995,1649482.0
Argentina,Sorghum,1996,2131720.0
Argentina,Sorghum,1997,2499000.0
Argentina,Sorghum,1998,3762335.0
Argentina,Sorghum,1999,3221750.0
Argentina,Sorghum,2000,3344493.0
Argentina,Sorghum,2001,2908775.0
Argentina,Sorghum,2002,2847225.0
Argentina,Sorghum,2003,2684780.0
Argentina,Sorghum,2004,2164953.0
Argentina,Sorghum,2005,2894250.0
Argentina,Sorghum,2006,2327865.0
Argentina,Sorghum,2007,2794967.0
Argentina,Sorghum,2008,2936840.0
Argentina,Sorghum,2009,1471270.0
Argentina,Sorghum,2010,3637427.0
Argentina,Sorghum,2011,4458442.0
Argentina,Sorghum,2012,4252310.0
Argentina,Sorghum,2013,3635837.0
Argentina,Sorghum,2014,3466410.0
Argentina,Sorghum,2015,3098148.0
Argentina,Sorghum,2016,3029330.0
Argentina,Sorghum,2017,2526931.0
Argentina,Sorghum,2018,1563445.0
Argentina,Sorghum,2019,1601435.0
Argentina,Sorghum,2020,1829914.0
Argentina,Sorghum,2021,3319341.0
Argentina,Sorghum,2022,2883301.0
Argentina,Sorghum,2023,1610102.0
Argentina,Sorghum,2024,2495532.0
Belize,Sorghum,1961,
Belize,Sorghum,1962,
Belize,Sorghum,1963,
Belize,Sorghum,1964,
Belize,Sorghum,1965,
Belize,Sorghum,1966,
Belize,Sorghum,1967,
Belize,Sorghum,1968,
Belize,Sorghum,1969,
Belize,Sorghum,1970,
Belize,Sorghum,1971,
Belize,Sorghum,1972,
Belize,Sorghum,1973,
Belize,Sorghum,1974,
Belize,Sorghum,1975,
Belize,Sorghum,1976,
Belize,Sorghum,1977,
Belize,Sorghum,1978,
Belize,Sorghum,1979,
Belize,Sorghum,1980,
Belize,Sorghum,1981,
Belize,Sorghum,1982,
Belize,Sorghum,1983,
Belize,Sorghum,1984,
Belize,Sorghum,1985,
Belize,Sorghum,1986,
Belize,Sorghum,1987,
Belize,Sorghum,1988,
Belize,Sorghum,1989,4764.0
Belize,Sorghum,1990,6550.0
Belize,Sorghum,1991,5405.0
Belize,Sorghum,1992,4990.0
Belize,Sorghum,1993,6707.0
Belize,Sorghum,1994,4742.0
Belize,Sorghum,1995,5431.0
Belize,Sorghum,1996,6314.0
Belize,Sorghum,1997,5788.0
Belize,Sorghum,1998,5177.0
Belize,Sorghum,1999,9042.0
Belize,Sorghum,2000,6306.0
Belize,Sorghum,2001,8411.0
Belize,Sorghum,2002,12089.0
Belize,Sorghum,2003,9154.0
Belize,Sorghum,2004,8146.0
Belize,Sorghum,2005,6759.0
Belize,Sorghum,2006,4580.0
Belize,Sorghum,2007,6855.0
Belize,Sorghum,2008,10690.0
Belize,Sorghum,2009,9326.0
Belize,Sorghum,2010,19917.0
Belize,Sorghum,2011,9981.0
Belize,Sorghum,2012,15837.0
Belize,Sorghum,2013,19503.0
Belize,Sorghum,2014,9091.0
Belize,Sorghum,2015,10594.0
Belize,Sorghum,2016,9592.0
Belize,Sorghum,2017,10089.0
Belize,Sorghum,2018,8200.0
Belize,Sorghum,2019,13165.0
Belize,Sorghum,2020,14726.0
Belize,Sorghum,2021,12879.0
Belize,Sorghum,2022,20699.0
Belize,Sorghum,2023,30057.0
Belize,Sorghum,2024,24084.0
Bolivia (Plurinational State of),Sorghum,1961,0.0
Bolivia (Plurinational State of),Sorghum,1962,0.0
Bolivia (Plurinational State of),Sorghum,1963,0.0
Bolivia (Plurinational State of),Sorghum,1964,0.0
Bolivia (Plurinational State of),Sorghum,1965,0.0
Bolivia (Plurinational State of),Sorghum,1966,0.0
Bolivia (Plurinational State of),Sorghum,1967,0.0
Bolivia (Plurinational State of),Sorghum,1968,0.0
Bolivia (Plurinational State of),Sorghum,1969,0.0
Bolivia (Plurinational State of),Sorghum,1970,0.0
Bolivia (Plurinational State of),Sorghum,1971,0.0
Bolivia (Plurinational State of),Sorghum,1972,0.0
Bolivia (Plurinational State of),Sorghum,1973,0.0
Bolivia (Plurinational State of),Sorghum,1974,0.0
Bolivia (Plurinational State of),Sorghum,1975,0.0
Bolivia (Plurinational State of),Sorghum,1976,1000.0
Bolivia (Plurinational State of),Sorghum,1977,3840.0
Bolivia (Plurinational State of),Sorghum,1978,5300.0
Bolivia (Plurinational State of),Sorghum,1979,13150.0
Bolivia (Plurinational State of),Sorghum,1980,27720.0
Bolivia (Plurinational State of),Sorghum,1981,21280.0
Bolivia (Plurinational State of),Sorghum,1982,13000.0
Bolivia (Plurinational State of),Sorghum,1983,4792.0
Bolivia (Plurinational State of),Sorghum,1984,41411.0
Bolivia (Plurinational State of),Sorghum,1985,68345.0
Bolivia (Plurinational State of),Sorghum,1986,59300.0
Bolivia (Plurinational State of),Sorghum,1987,34722.0
Bolivia (Plurinational State of),Sorghum,1988,57140.0
Bolivia (Plurinational State of),Sorghum,1989,77078.0
Bolivia (Plurinational State of),Sorghum,1990,50720.0
Bolivia (Plurinational State of),Sorghum,1991,47110.0
Bolivia (Plurinational State of),Sorghum,1992,42405.0
Bolivia (Plurinational State of),Sorghum,1993,120740.0
Bolivia (Plurinational State of),Sorghum,1994,50003.0
Bolivia (Plurinational State of),Sorghum,1995,104051.0
Bolivia (Plurinational State of),Sorghum,1996,105050.0
Bolivia (Plurinational State of),Sorghum,1997,76298.0
Bolivia (Plurinational State of),Sorghum,1998,120795.0
Bolivia (Plurinational State of),Sorghum,1999,148017.0
Bolivia (Plurinational State of),Sorghum,2000,94521.0
Bolivia (Plurinational State of),Sorghum,2001,104597.0
Bolivia (Plurinational State of),Sorghum,2002,172257.0
Bolivia (Plurinational State of),Sorghum,2003,131998.0
Bolivia (Plurinational State of),Sorghum,2004,165275.0
Bolivia (Plurinational State of),Sorghum,2005,203699.0
Bolivia (Plurinational State of),Sorghum,2006,271001.0
Bolivia (Plurinational State of),Sorghum,2007,336292.0
Bolivia (Plurinational State of),Sorghum,2008,404446.0
Bolivia (Plurinational State of),Sorghum,2009,503038.0
Bolivia (Plurinational State of),Sorghum,2010,338397.0
Bolivia (Plurinational State of),Sorghum,2011,360515.66
Bolivia (Plurinational State of),Sorghum,2012,353208.33
Bolivia (Plurinational State of),Sorghum,2013,820921.23
Bolivia (Plurinational State of),Sorghum,2014,656494.0
Bolivia (Plurinational State of),Sorghum,2015,858101.0
Bolivia (Plurinational State of),Sorghum,2016,802518.0
Bolivia (Plurinational State of),Sorghum,2017,556868.34
Bolivia (Plurinational State of),Sorghum,2018,1023314.17
Bolivia (Plurinational State of),Sorghum,2019,949039.0
Bolivia (Plurinational State of),Sorghum,2020,1018885.0
Bolivia (Plurinational State of),Sorghum,2021,1481331.92
Bolivia (Plurinational State of),Sorghum,2022,595336.74
Bolivia (Plurinational State of),Sorghum,2023,886443.26
Bolivia (Plurinational State of),Sorghum,2024,1771084.95
Brazil,Sorghum,1961,5.0
Brazil,Sorghum,1962,5.0
Brazil,Sorghum,1963,5.0
Brazil,Sorghum,1964,5.0
Brazil,Sorghum,1965,20.0
Brazil,Sorghum,1966,2000.0
Brazil,Sorghum,1967,2000.0
Brazil,Sorghum,1968,2000.0
Brazil,Sorghum,1969,2000.0
Brazil,Sorghum,1970,2000.0
Brazil,Sorghum,1971,2000.0
Brazil,Sorghum,1972,2500.0
Brazil,Sorghum,1973,249123.0
Brazil,Sorghum,1974,242736.0
Brazil,Sorghum,1975,201699.0
Brazil,Sorghum,1976,277232.0
Brazil,Sorghum,1977,435141.0
Brazil,Sorghum,1978,227502.0
Brazil,Sorghum,1979,121913.0
Brazil,Sorghum,1980,180292.0
Brazil,Sorghum,1981,212901.0
Brazil,Sorghum,1982,226473.0
Brazil,Sorghum,1983,231818.0
Brazil,Sorghum,1984,312716.0
Brazil,Sorghum,1985,268143.0
Brazil,Sorghum,1986,358167.0
Brazil,Sorghum,1987,432797.0
Brazil,Sorghum,1988,288807.0
Brazil,Sorghum,1989,235839.0
Brazil,Sorghum,1990,236250.0
Brazil,Sorghum,1991,257516.0
Brazil,Sorghum,1992,282430.0
Brazil,Sorghum,1993,281912.0
Brazil,Sorghum,1994,315908.0
Brazil,Sorghum,1995,276832.0
Brazil,Sorghum,1996,356567.0
Brazil,Sorghum,1997,542581.0
Brazil,Sorghum,1998,589827.0
Brazil,Sorghum,1999,553644.0
Brazil,Sorghum,2000,792759.0
Brazil,Sorghum,2001,914452.0
Brazil,Sorghum,2002,786757.0
Brazil,Sorghum,2003,1804920.0
Brazil,Sorghum,2004,2158872.0
Brazil,Sorghum,2005,1522839.0
Brazil,Sorghum,2006,1604920.0
Brazil,Sorghum,2007,1440750.0
Brazil,Sorghum,2008,2004005.0
Brazil,Sorghum,2009,1853934.0
Brazil,Sorghum,2010,1532064.0
Brazil,Sorghum,2011,1931135.0
Brazil,Sorghum,2012,2016873.0
Brazil,Sorghum,2013,2126179.0
Brazil,Sorghum,2014,2279114.0
Brazil,Sorghum,2015,2136450.0
Brazil,Sorghum,2016,1154456.0
Brazil,Sorghum,2017,2223627.0
Brazil,Sorghum,2018,2281316.0
Brazil,Sorghum,2019,2672245.0
Brazil,Sorghum,2020,2761837.0
Brazil,Sorghum,2021,2506830.0
Brazil,Sorghum,2022,2930056.0
Brazil,Sorghum,2023,4498299.0
Brazil,Sorghum,2024,4090428.0
Colombia,Sorghum,1961,4300.0
Colombia,Sorghum,1962,7600.0
Colombia,Sorghum,1963,12100.0
Colombia,Sorghum,1964,60000.0
Colombia,Sorghum,1965,70000.0
Colombia,Sorghum,1966,60000.0
Colombia,Sorghum,1967,90000.0
Colombia,Sorghum,1968,100000.0
Colombia,Sorghum,1969,101800.0
Colombia,Sorghum,1970,118000.0
Colombia,Sorghum,1971,239600.0
Colombia,Sorghum,1972,210000.0
Colombia,Sorghum,1973,280200.0
Colombia,Sorghum,1974,336600.0
Colombia,Sorghum,1975,335000.0
Colombia,Sorghum,1976,427700.0
Colombia,Sorghum,1977,406200.0
Colombia,Sorghum,1978,516700.0
Colombia,Sorghum,1979,501300.0
Colombia,Sorghum,1980,430520.0
Colombia,Sorghum,1981,532000.0
Colombia,Sorghum,1982,568400.0
Colombia,Sorghum,1983,595200.0
Colombia,Sorghum,1984,589600.0
Colombia,Sorghum,1985,499400.0
Colombia,Sorghum,1986,599900.0
Colombia,Sorghum,1987,703800.0
Colombia,Sorghum,1988,706600.0
Colombia,Sorghum,1989,695200.0
Colombia,Sorghum,1990,777400.0
Colombia,Sorghum,1991,738300.0
Colombia,Sorghum,1992,751785.0
Colombia,Sorghum,1993,633303.0
Colombia,Sorghum,1994,649320.0
Colombia,Sorghum,1995,553818.0
Colombia,Sorghum,1996,444794.0
Colombia,Sorghum,1997,329706.0
Colombia,Sorghum,1998,189307.0
Colombia,Sorghum,1999,198758.0
Colombia,Sorghum,2000,127938.0
Colombia,Sorghum,2001,163269.0
Colombia,Sorghum,2002,243180.0
Colombia,Sorghum,2003,300286.0
Colombia,Sorghum,2004,267077.0
Colombia,Sorghum,2005,250716.0
Colombia,Sorghum,2006,155874.0
Colombia,Sorghum,2007,118289.0
Colombia,Sorghum,2008,134117.0
Colombia,Sorghum,2009,96570.0
Colombia,Sorghum,2010,98964.0
Colombia,Sorghum,2011,50480.0
Colombia,Sorghum,2012,61940.89
Colombia,Sorghum,2013,18254.54
Colombia,Sorghum,2014,19147.33
Colombia,Sorghum,2015,17028.45
Colombia,Sorghum,2016,13093.45
Colombia,Sorghum,2017,9345.0
Colombia,Sorghum,2018,4130.0
Colombia,Sorghum,2019,6929.4
Colombia,Sorghum,2020,5814.16
Colombia,Sorghum,2021,4924.45
Colombia,Sorghum,2022,4270.0
Colombia,Sorghum,2023,10540.0
Colombia,Sorghum,2024,9070.0
Costa Rica,Sorghum,1961,6500.0
Costa Rica,Sorghum,1962,10000.0
Costa Rica,Sorghum,1963,6700.0
Costa Rica,Sorghum,1964,11100.0
Costa Rica,Sorghum,1965,6500.0
Costa Rica,Sorghum,1966,9800.0
Costa Rica,Sorghum,1967,9100.0
Costa Rica,Sorghum,1968,9800.0
Costa Rica,Sorghum,1969,8500.0
Costa Rica,Sorghum,1970,11400.0
Costa Rica,Sorghum,1971,11900.0
Costa Rica,Sorghum,1972,12645.0
Costa Rica,Sorghum,1973,16560.0
Costa Rica,Sorghum,1974,14129.0
Costa Rica,Sorghum,1975,19780.0
Costa Rica,Sorghum,1976,30855.0
Costa Rica,Sorghum,1977,40986.0
Costa Rica,Sorghum,1978,52565.0
Costa Rica,Sorghum,1979,33650.0
Costa Rica,Sorghum,1980,41622.0
Costa Rica,Sorghum,1981,30845.0
Costa Rica,Sorghum,1982,27230.0
Costa Rica,Sorghum,1983,31506.0
Costa Rica,Sorghum,1984,37211.0
Costa Rica,Sorghum,1985,37692.0
Costa Rica,Sorghum,1986,37155.0
Costa Rica,Sorghum,1987,18690.0
Costa Rica,Sorghum,1988,11333.0
Costa Rica,Sorghum,1989,5900.0
Costa Rica,Sorghum,1990,2630.0
Costa Rica,Sorghum,1991,640.0
Costa Rica,Sorghum,1992,0.0
Costa Rica,Sorghum,1993,
Costa Rica,Sorghum,1994,
Costa Rica,Sorghum,1995,
Costa Rica,Sorghum,1996,
Costa Rica,Sorghum,1997,
Costa Rica,Sorghum,1998,
Costa Rica,Sorghum,1999,
Costa Rica,Sorghum,2000,
Costa Rica,Sorghum,2001,
Costa Rica,Sorghum,2002,
Costa Rica,Sorghum,2003,
Costa Rica,Sorghum,2004,
Costa Rica,Sorghum,2005,
Costa Rica,Sorghum,2006,
Costa Rica,Sorghum,2007,
Costa Rica,Sorghum,2008,
Costa Rica,Sorghum,2009,
Costa Rica,Sorghum,2010,
Costa Rica,Sorghum,2011,
Costa Rica,Sorghum,2012,
Costa Rica,Sorghum,2013,
Costa Rica,Sorghum,2014,
Costa Rica,Sorghum,2015,
Costa Rica,Sorghum,2016,
Costa Rica,Sorghum,2017,
Costa Rica,Sorghum,2018,
Costa Rica,Sorghum,2019,
Costa Rica,Sorghum,2020,
Costa Rica,Sorghum,2021,
Costa Rica,Sorghum,2022,
Costa Rica,Sorghum,2023,
Costa Rica,Sorghum,2024,
Cuba,Sorghum,1961,27400.0
Cuba,Sorghum,1962,27100.0
Cuba,Sorghum,1963,25000.0
Cuba,Sorghum,1964,15000.0
Cuba,Sorghum,1965,15000.0
Cuba,Sorghum,1966,11000.0
Cuba,Sorghum,1967,8500.0
Cuba,Sorghum,1968,6500.0
Cuba,Sorghum,1969,4500.0
Cuba,Sorghum,1970,3200.0
Cuba,Sorghum,1971,2200.0
Cuba,Sorghum,1972,2000.0
Cuba,Sorghum,1973,1100.0
Cuba,Sorghum,1974,1100.0
Cuba,Sorghum,1975,1100.0
Cuba,Sorghum,1976,1100.0
Cuba,Sorghum,1977,1100.0
Cuba,Sorghum,1978,1100.0
Cuba,Sorghum,1979,1100.0
Cuba,Sorghum,1980,1100.0
Cuba,Sorghum,1981,1100.0
Cuba,Sorghum,1982,1100.0
Cuba,Sorghum,1983,1100.0
Cuba,Sorghum,1984,1100.0
Cuba,Sorghum,1985,1100.0
Cuba,Sorghum,1986,1100.0
Cuba,Sorghum,1987,1100.0
Cuba,Sorghum,1988,1100.0
Cuba,Sorghum,1989,1100.0
Cuba,Sorghum,1990,971.0
Cuba,Sorghum,1991,677.5
Cuba,Sorghum,1992,677.5
Cuba,Sorghum,1993,631.71
Cuba,Sorghum,1994,947.85
Cuba,Sorghum,1995,1000.0
Cuba,Sorghum,1996,730.9
Cuba,Sorghum,1997,572.34
Cuba,Sorghum,1998,326.25
Cuba,Sorghum,1999,190.0
Cuba,Sorghum,2000,200.0
Cuba,Sorghum,2001,215.0
Cuba,Sorghum,2002,179.0
Cuba,Sorghum,2003,155.0
Cuba,Sorghum,2004,1769.0
Cuba,Sorghum,2005,2097.0
Cuba,Sorghum,2006,4519.0
Cuba,Sorghum,2007,1069.0
Cuba,Sorghum,2008,480.0
Cuba,Sorghum,2009,297.0
Cuba,Sorghum,2010,223.0
Cuba,Sorghum,2011,258.0
Cuba,Sorghum,2012,1983.0
Cuba,Sorghum,2013,5503.0
Cuba,Sorghum,2014,4085.0
Cuba,Sorghum,2015,10607.9
Cuba,Sorghum,2016,12455.8
Cuba,Sorghum,2017,7600.0
Cuba,Sorghum,2018,5595.0
Cuba,Sorghum,2019,4292.34
Cuba,Sorghum,2020,1920.0
Cuba,Sorghum,2021,1417.06
Cuba,Sorghum,2022,3650.79
Cuba,Sorghum,2023,3599.07
Cuba,Sorghum,2024,3628.27
Dominican Republic,Sorghum,1961,1000.0
Dominican Republic,Sorghum,1962,3000.0
Dominican Republic,Sorghum,1963,5000.0
Dominican Republic,Sorghum,1964,6000.0
Dominican Republic,Sorghum,1965,7000.0
Dominican Republic,Sorghum,1966,8000.0
Dominican Republic,Sorghum,1967,8000.0
Dominican Republic,Sorghum,1968,10000.0
Dominican Republic,Sorghum,1969,12000.0
Dominican Republic,Sorghum,1970,13600.0
Dominican Republic,Sorghum,1971,15000.0
Dominican Republic,Sorghum,1972,16000.0
Dominican Republic,Sorghum,1973,17000.0
Dominican Republic,Sorghum,1974,16900.0
Dominican Republic,Sorghum,1975,17000.0
Dominican Republic,Sorghum,1976,18000.0
Dominican Republic,Sorghum,1977,19000.0
Dominican Republic,Sorghum,1978,12338.0
Dominican Republic,Sorghum,1979,22679.0
Dominican Republic,Sorghum,1980,10819.0
Dominican Republic,Sorghum,1981,19172.0
Dominican Republic,Sorghum,1982,18086.0
Dominican Republic,Sorghum,1983,42446.0
Dominican Republic,Sorghum,1984,42961.0
Dominican Republic,Sorghum,1985,47189.0
Dominican Republic,Sorghum,1986,45585.0
Dominican Republic,Sorghum,1987,48784.0
Dominican Republic,Sorghum,1988,39460.0
Dominican Republic,Sorghum,1989,50874.0
Dominican Republic,Sorghum,1990,20959.0
Dominican Republic,Sorghum,1991,16595.39
Dominican Republic,Sorghum,1992,17347.5
Dominican Republic,Sorghum,1993,15140.0
Dominican Republic,Sorghum,1994,12538.47
Dominican Republic,Sorghum,1995,19405.0
Dominican Republic,Sorghum,1996,12685.25
Dominican Republic,Sorghum,1997,21752.0
Dominican Republic,Sorghum,1998,8071.67
Dominican Republic,Sorghum,1999,7829.0
Dominican Republic,Sorghum,2000,4817.0
Dominican Republic,Sorghum,2001,12620.0
Dominican Republic,Sorghum,2002,5157.0
Dominican Republic,Sorghum,2003,3958.0
Dominican Republic,Sorghum,2004,5644.0
Dominican Republic,Sorghum,2005,1901.52
Dominican Republic,Sorghum,2006,619.0
Dominican Republic,Sorghum,2007,1472.0
Dominican Republic,Sorghum,2008,576.0
Dominican Republic,Sorghum,2009,795.0
Dominican Republic,Sorghum,2010,1150.14
Dominican Republic,Sorghum,2011,2241.0
Dominican Republic,Sorghum,2012,1977.82
Dominican Republic,Sorghum,2013,3897.67
Dominican Republic,Sorghum,2014,1595.16
Dominican Republic,Sorghum,2015,1893.68
Dominican Republic,Sorghum,2016,1135.08
Dominican Republic,Sorghum,2017,1155.0
Dominican Republic,Sorghum,2018,985.17
Dominican Republic,Sorghum,2019,698.95
Dominican Republic,Sorghum,2020,356.26
Dominican Republic,Sorghum,2021,321.87
Dominican Republic,Sorghum,2022,224.21
Dominican Republic,Sorghum,2023,287.32
Dominican Republic,Sorghum,2024,307.84
Ecuador,Sorghum,1961,0.0
Ecuador,Sorghum,1962,0.0
Ecuador,Sorghum,1963,0.0
Ecuador,Sorghum,1964,0.0
Ecuador,Sorghum,1965,0.0
Ecuador,Sorghum,1966,0.0
Ecuador,Sorghum,1967,0.0
Ecuador,Sorghum,1968,0.0
Ecuador,Sorghum,1969,0.0
Ecuador,Sorghum,1970,0.0
Ecuador,Sorghum,1971,0.0
Ecuador,Sorghum,1972,0.0
Ecuador,Sorghum,1973,0.0
Ecuador,Sorghum,1974,0.0
Ecuador,Sorghum,1975,0.0
Ecuador,Sorghum,1976,2639.0
Ecuador,Sorghum,1977,1300.0
Ecuador,Sorghum,1978,133.0
Ecuador,Sorghum,1979,280.0
Ecuador,Sorghum,1980,249.0
Ecuador,Sorghum,1981,644.0
Ecuador,Sorghum,1982,2707.0
Ecuador,Sorghum,1983,387.0
Ecuador,Sorghum,1984,4996.0
Ecuador,Sorghum,1985,26072.0
Ecuador,Sorghum,1986,6491.0
Ecuador,Sorghum,1987,7989.0
Ecuador,Sorghum,1988,4829.0
Ecuador,Sorghum,1989,4441.0
Ecuador,Sorghum,1990,2963.0
Ecuador,Sorghum,1991,6085.0
Ecuador,Sorghum,1992,2498.0
Ecuador,Sorghum,1993,1528.0
Ecuador,Sorghum,1994,2079.0
Ecuador,Sorghum,1995,362.0
Ecuador,Sorghum,1996,2345.0
Ecuador,Sorghum,1997,77.0
Ecuador,Sorghum,1998,2100.0
Ecuador,Sorghum,1999,2100.0
Ecuador,Sorghum,2000,11025.0
Ecuador,Sorghum,2001,10500.0
Ecuador,Sorghum,2002,10000.0
Ecuador,Sorghum,2003,10000.0
Ecuador,Sorghum,2004,10000.0
Ecuador,Sorghum,2005,11000.0
Ecuador,Sorghum,2006,11000.0
Ecuador,Sorghum,2007,12000.0
Ecuador,Sorghum,2008,12000.0
Ecuador,Sorghum,2009,12500.0
Ecuador,Sorghum,2010,12559.15
Ecuador,Sorghum,2011,12970.48
Ecuador,Sorghum,2012,12816.32
Ecuador,Sorghum,2013,13055.8
Ecuador,Sorghum,2014,13321.75
Ecuador,Sorghum,2015,14091.42
Ecuador,Sorghum,2016,13489.66
Ecuador,Sorghum,2017,13462.45
Ecuador,Sorghum,2018,13854.59
Ecuador,Sorghum,2019,14239.37
Ecuador,Sorghum,2020,14513.14
Ecuador,Sorghum,2021,14202.37
Ecuador,Sorghum,2022,14318.29
Ecuador,Sorghum,2023,14344.6
Ecuador,Sorghum,2024,14288.42
El Salvador,Sorghum,1961,84430.0
El Salvador,Sorghum,1962,88300.0
El Salvador,Sorghum,1963,91300.0
El Salvador,Sorghum,1964,87743.0
El Salvador,Sorghum,1965,105611.0
El Salvador,Sorghum,1966,114680.0
El Salvador,Sorghum,1967,108100.0
El Salvador,Sorghum,1968,124209.0
El Salvador,Sorghum,1969,128069.0
El Salvador,Sorghum,1970,147186.0
El Salvador,Sorghum,1971,156400.0
El Salvador,Sorghum,1972,145820.0
El Salvador,Sorghum,1973,156400.0
El Salvador,Sorghum,1974,131100.0
El Salvador,Sorghum,1975,174800.0
El Salvador,Sorghum,1976,156363.0
El Salvador,Sorghum,1977,151100.0
El Salvador,Sorghum,1978,161814.0
El Salvador,Sorghum,1979,160310.0
El Salvador,Sorghum,1980,139881.0
El Salvador,Sorghum,1981,135713.0
El Salvador,Sorghum,1982,124200.0
El Salvador,Sorghum,1983,123147.0
El Salvador,Sorghum,1984,140480.0
El Salvador,Sorghum,1985,132608.0
El Salvador,Sorghum,1986,147512.0
El Salvador,Sorghum,1987,25953.0
El Salvador,Sorghum,1988,153304.0
El Salvador,Sorghum,1989,149486.0
El Salvador,Sorghum,1990,160623.0
El Salvador,Sorghum,1991,162881.0
El Salvador,Sorghum,1992,214153.0
El Salvador,Sorghum,1993,204590.0
El Salvador,Sorghum,1994,182017.0
El Salvador,Sorghum,1995,200992.0
El Salvador,Sorghum,1996,182017.0
El Salvador,Sorghum,1997,199678.0
El Salvador,Sorghum,1998,168613.0
El Salvador,Sorghum,1999,139454.0
El Salvador,Sorghum,2000,148942.0
El Salvador,Sorghum,2001,150529.0
El Salvador,Sorghum,2002,140763.0
El Salvador,Sorghum,2003,140963.0
El Salvador,Sorghum,2004,147631.0
El Salvador,Sorghum,2005,141384.0
El Salvador,Sorghum,2006,164007.0
El Salvador,Sorghum,2007,129120.0
El Salvador,Sorghum,2008,134230.0
El Salvador,Sorghum,2009,163698.0
El Salvador,Sorghum,2010,166009.0
El Salvador,Sorghum,2011,141997.0
El Salvador,Sorghum,2012,136575.0
El Salvador,Sorghum,2013,140770.0
El Salvador,Sorghum,2014,140808.0
El Salvador,Sorghum,2015,105245.0
El Salvador,Sorghum,2016,121873.0
El Salvador,Sorghum,2017,96304.45
El Salvador,Sorghum,2018,109290.45
El Salvador,Sorghum,2019,107816.0
El Salvador,Sorghum,2020,107756.6
El Salvador,Sorghum,2021,94023.27
El Salvador,Sorghum,2022,106533.0
El Salvador,Sorghum,2023,100000.0
El Salvador,Sorghum,2024,99000.0
Guatemala,Sorghum,1961,16000.0
Guatemala,Sorghum,1962,16000.0
Guatemala,Sorghum,1963,24000.0
Guatemala,Sorghum,1964,27200.0
Guatemala,Sorghum,1965,43600.0
Guatemala,Sorghum,1966,34200.0
Guatemala,Sorghum,1967,31900.0
Guatemala,Sorghum,1968,41800.0
Guatemala,Sorghum,1969,54079.0
Guatemala,Sorghum,1970,45676.0
Guatemala,Sorghum,1971,37853.0
Guatemala,Sorghum,1972,38956.0
Guatemala,Sorghum,1973,45397.0
Guatemala,Sorghum,1974,61693.0
Guatemala,Sorghum,1975,61500.0
Guatemala,Sorghum,1976,49200.0
Guatemala,Sorghum,1977,52978.0
Guatemala,Sorghum,1978,64740.0
Guatemala,Sorghum,1979,76000.0
Guatemala,Sorghum,1980,78300.0
Guatemala,Sorghum,1981,86176.0
Guatemala,Sorghum,1982,77110.0
Guatemala,Sorghum,1983,81630.0
Guatemala,Sorghum,1984,91700.0
Guatemala,Sorghum,1985,101213.0
Guatemala,Sorghum,1986,101200.0
Guatemala,Sorghum,1987,101200.0
Guatemala,Sorghum,1988,100247.0
Guatemala,Sorghum,1989,84916.0
Guatemala,Sorghum,1990,85927.0
Guatemala,Sorghum,1991,77786.0
Guatemala,Sorghum,1992,83386.0
Guatemala,Sorghum,1993,78891.0
Guatemala,Sorghum,1994,42794.0
Guatemala,Sorghum,1995,44620.0
Guatemala,Sorghum,1996,46851.0
Guatemala,Sorghum,1997,46850.0
Guatemala,Sorghum,1998,49495.0
Guatemala,Sorghum,1999,51102.0
Guatemala,Sorghum,2000,50978.0
Guatemala,Sorghum,2001,35434.64
Guatemala,Sorghum,2002,36409.86
Guatemala,Sorghum,2003,37362.4
Guatemala,Sorghum,2004,43250.03
Guatemala,Sorghum,2005,42184.09
Guatemala,Sorghum,2006,44084.64
Guatemala,Sorghum,2007,47082.89
Guatemala,Sorghum,2008,44937.4
Guatemala,Sorghum,2009,47395.87
Guatemala,Sorghum,2010,47055.67
Guatemala,Sorghum,2011,47405.0
Guatemala,Sorghum,2012,47981.0
Guatemala,Sorghum,2013,47128.0
Guatemala,Sorghum,2014,50321.54
Guatemala,Sorghum,2015,51528.09
Guatemala,Sorghum,2016,52657.54
Guatemala,Sorghum,2017,53666.0
Guatemala,Sorghum,2018,54742.0
Guatemala,Sorghum,2019,45000.0
Guatemala,Sorghum,2020,53960.0
Guatemala,Sorghum,2021,45146.0
Guatemala,Sorghum,2022,57469.0
Guatemala,Sorghum,2023,35000.0
Guatemala,Sorghum,2024,37619.73
Haiti,Sorghum,1961,183000.0
Haiti,Sorghum,1962,183500.0
Haiti,Sorghum,1963,184000.0
Haiti,Sorghum,1964,185000.0
Haiti,Sorghum,1965,187000.0
Haiti,Sorghum,1966,187300.0
Haiti,Sorghum,1967,188000.0
Haiti,Sorghum,1968,189000.0
Haiti,Sorghum,1969,209000.0
Haiti,Sorghum,1970,210000.0
Haiti,Sorghum,1971,211000.0
Haiti,Sorghum,1972,215000.0
Haiti,Sorghum,1973,135000.0
Haiti,Sorghum,1974,135000.0
Haiti,Sorghum,1975,135000.0
Haiti,Sorghum,1976,135000.0
Haiti,Sorghum,1977,110846.0
Haiti,Sorghum,1978,99514.0
Haiti,Sorghum,1979,123282.0
Haiti,Sorghum,1980,120790.0
Haiti,Sorghum,1981,117750.0
Haiti,Sorghum,1982,106600.0
Haiti,Sorghum,1983,118240.0
Haiti,Sorghum,1984,121413.0
Haiti,Sorghum,1985,119165.0
Haiti,Sorghum,1986,135112.0
Haiti,Sorghum,1987,135976.0
Haiti,Sorghum,1988,146345.0
Haiti,Sorghum,1989,133200.0
Haiti,Sorghum,1990,68000.0
Haiti,Sorghum,1991,90000.0
Haiti,Sorghum,1992,100000.0
Haiti,Sorghum,1993,102377.1
Haiti,Sorghum,1994,90000.0
Haiti,Sorghum,1995,92795.71
Haiti,Sorghum,1996,88140.0
Haiti,Sorghum,1997,100000.0
Haiti,Sorghum,1998,95180.0
Haiti,Sorghum,1999,100000.0
Haiti,Sorghum,2000,98000.0
Haiti,Sorghum,2001,80000.0
Haiti,Sorghum,2002,89600.0
Haiti,Sorghum,2003,91000.0
Haiti,Sorghum,2004,95000.0
Haiti,Sorghum,2005,100000.0
Haiti,Sorghum,2006,100000.0
Haiti,Sorghum,2007,120000.0
Haiti,Sorghum,2008,100000.0
Haiti,Sorghum,2009,121500.0
Haiti,Sorghum,2010,145800.0
Haiti,Sorghum,2011,111092.22
Haiti,Sorghum,2012,92203.0
Haiti,Sorghum,2013,108132.89
Haiti,Sorghum,2014,122500.0
Haiti,Sorghum,2015,32000.0
Haiti,Sorghum,2016,18590.0
Haiti,Sorghum,2017,80000.0
Haiti,Sorghum,2018,16694.0
Haiti,Sorghum,2019,9184.0
Haiti,Sorghum,2020,9692.0
Haiti,Sorghum,2021,18000.0
Haiti,Sorghum,2022,15000.0
Haiti,Sorghum,2023,14000.0
Haiti,Sorghum,2024,13000.0
Honduras,Sorghum,1961,46873.0
Honduras,Sorghum,1962,50190.0
Honduras,Sorghum,1963,51709.0
Honduras,Sorghum,1964,53134.0
Honduras,Sorghum,1965,53398.0
Honduras,Sorghum,1966,47941.0
Honduras,Sorghum,1967,41267.0
Honduras,Sorghum,1968,42860.0
Honduras,Sorghum,1969,44454.0
Honduras,Sorghum,1970,46047.0
Honduras,Sorghum,1971,47640.0
Honduras,Sorghum,1972,49234.0
Honduras,Sorghum,1973,40624.0
Honduras,Sorghum,1974,52420.0
Honduras,Sorghum,1975,52271.0
Honduras,Sorghum,1976,43753.0
Honduras,Sorghum,1977,49352.0
Honduras,Sorghum,1978,47580.0
Honduras,Sorghum,1979,38100.0
Honduras,Sorghum,1980,52109.0
Honduras,Sorghum,1981,57981.0
Honduras,Sorghum,1982,57700.0
Honduras,Sorghum,1983,46517.0
Honduras,Sorghum,1984,52377.0
Honduras,Sorghum,1985,33139.0
Honduras,Sorghum,1986,32522.0
Honduras,Sorghum,1987,31042.0
Honduras,Sorghum,1988,53525.0
Honduras,Sorghum,1989,61697.0
Honduras,Sorghum,1990,80265.0
Honduras,Sorghum,1991,70511.0
Honduras,Sorghum,1992,87780.0
Honduras,Sorghum,1993,70911.0
Honduras,Sorghum,1994,53215.0
Honduras,Sorghum,1995,62097.0
Honduras,Sorghum,1996,85638.0
Honduras,Sorghum,1997,96025.0
Honduras,Sorghum,1998,90219.0
Honduras,Sorghum,1999,71269.0
Honduras,Sorghum,2000,64667.0
Honduras,Sorghum,2001,74718.0
Honduras,Sorghum,2002,65759.0
Honduras,Sorghum,2003,56764.0
Honduras,Sorghum,2004,59386.0
Honduras,Sorghum,2005,65734.0
Honduras,Sorghum,2006,66470.0
Honduras,Sorghum,2007,69782.0
Honduras,Sorghum,2008,73140.0
Honduras,Sorghum,2009,68954.0
Honduras,Sorghum,2010,41309.0
Honduras,Sorghum,2011,40261.0
Honduras,Sorghum,2012,42391.0
Honduras,Sorghum,2013,40000.0
Honduras,Sorghum,2014,36363.68
Honduras,Sorghum,2015,25000.0
Honduras,Sorghum,2016,19090.91
Honduras,Sorghum,2017,21000.0
Honduras,Sorghum,2018,25000.0
Honduras,Sorghum,2019,21000.0
Honduras,Sorghum,2020,20000.0
Honduras,Sorghum,2021,15000.0
Honduras,Sorghum,2022,15000.0
Honduras,Sorghum,2023,15000.0
Honduras,Sorghum,2024,15000.0
Mexico,Sorghum,1961,290641.0
Mexico,Sorghum,1962,295920.0
Mexico,Sorghum,1963,402183.0
Mexico,Sorghum,1964,525554.0
Mexico,Sorghum,1965,746994.0
Mexico,Sorghum,1966,1410971.0
Mexico,Sorghum,1967,1666619.0
Mexico,Sorghum,1968,2132619.0
Mexico,Sorghum,1969,2455928.0
Mexico,Sorghum,1970,2747210.0
Mexico,Sorghum,1971,2515958.0
Mexico,Sorghum,1972,2611523.0
Mexico,Sorghum,1973,3269836.0
Mexico,Sorghum,1974,3182582.0
Mexico,Sorghum,1975,4125818.0
Mexico,Sorghum,1976,4026864.0
Mexico,Sorghum,1977,4324968.0
Mexico,Sorghum,1978,4192997.0
Mexico,Sorghum,1979,3988423.0
Mexico,Sorghum,1980,4689445.0
Mexico,Sorghum,1981,6086354.0
Mexico,Sorghum,1982,4718711.0
Mexico,Sorghum,1983,4867294.0
Mexico,Sorghum,1984,5038581.0
Mexico,Sorghum,1985,6596708.0
Mexico,Sorghum,1986,4835675.0
Mexico,Sorghum,1987,6317250.0
Mexico,Sorghum,1988,5893595.0
Mexico,Sorghum,1989,5002072.0
Mexico,Sorghum,1990,5978159.0
Mexico,Sorghum,1991,4307792.0
Mexico,Sorghum,1992,5353223.0
Mexico,Sorghum,1993,2581072.0
Mexico,Sorghum,1994,3701120.0
Mexico,Sorghum,1995,4169898.0
Mexico,Sorghum,1996,6809490.0
Mexico,Sorghum,1997,5711564.0
Mexico,Sorghum,1998,6474842.0
Mexico,Sorghum,1999,5720343.0
Mexico,Sorghum,2000,5842308.0
Mexico,Sorghum,2001,6566535.0
Mexico,Sorghum,2002,5206323.0
Mexico,Sorghum,2003,6462200.0
Mexico,Sorghum,2004,7004400.0
Mexico,Sorghum,2005,5524384.0
Mexico,Sorghum,2006,5518518.0
Mexico,Sorghum,2007,6202920.0
Mexico,Sorghum,2008,6610900.0
Mexico,Sorghum,2009,6108085.0
Mexico,Sorghum,2010,6940225.0
Mexico,Sorghum,2011,6429311.0
Mexico,Sorghum,2012,6969502.0
Mexico,Sorghum,2013,6308146.0
Mexico,Sorghum,2014,8394056.77
Mexico,Sorghum,2015,5195388.74
Mexico,Sorghum,2016,5005837.11
Mexico,Sorghum,2017,4853109.66
Mexico,Sorghum,2018,4531097.39
Mexico,Sorghum,2019,4352947.01
Mexico,Sorghum,2020,4703700.87
Mexico,Sorghum,2021,4370063.85
Mexico,Sorghum,2022,4762961.75
Mexico,Sorghum,2023,4815930.91
Mexico,Sorghum,2024,4525322.34
Nicaragua,Sorghum,1961,49963.0
Nicaragua,Sorghum,1962,49090.0
Nicaragua,Sorghum,1963,41200.0
Nicaragua,Sorghum,1964,47131.0
Nicaragua,Sorghum,1965,46400.0
Nicaragua,Sorghum,1966,48900.0
Nicaragua,Sorghum,1967,51700.0
Nicaragua,Sorghum,1968,55700.0
Nicaragua,Sorghum,1969,58300.0
Nicaragua,Sorghum,1970,60800.0
Nicaragua,Sorghum,1971,51800.0
Nicaragua,Sorghum,1972,40100.0
Nicaragua,Sorghum,1973,44206.0
Nicaragua,Sorghum,1974,51870.0
Nicaragua,Sorghum,1975,62854.0
Nicaragua,Sorghum,1976,55200.0
Nicaragua,Sorghum,1977,42780.0
Nicaragua,Sorghum,1978,63802.0
Nicaragua,Sorghum,1979,62706.0
Nicaragua,Sorghum,1980,88160.0
Nicaragua,Sorghum,1981,88702.0
Nicaragua,Sorghum,1982,83881.0
Nicaragua,Sorghum,1983,102313.0
Nicaragua,Sorghum,1984,108302.0
Nicaragua,Sorghum,1985,153930.0
Nicaragua,Sorghum,1986,173380.0
Nicaragua,Sorghum,1987,110768.0
Nicaragua,Sorghum,1988,110722.0
Nicaragua,Sorghum,1989,77321.0
Nicaragua,Sorghum,1990,73867.0
Nicaragua,Sorghum,1991,70508.0
Nicaragua,Sorghum,1992,92180.0
Nicaragua,Sorghum,1993,102136.0
Nicaragua,Sorghum,1994,90718.0
Nicaragua,Sorghum,1995,58227.0
Nicaragua,Sorghum,1996,120659.0
Nicaragua,Sorghum,1997,86951.0
Nicaragua,Sorghum,1998,51401.0
Nicaragua,Sorghum,1999,75364.0
Nicaragua,Sorghum,2000,81689.0
Nicaragua,Sorghum,2001,88881.0
Nicaragua,Sorghum,2002,117770.0
Nicaragua,Sorghum,2003,115877.0
Nicaragua,Sorghum,2004,96583.0
Nicaragua,Sorghum,2005,91345.0
Nicaragua,Sorghum,2006,73154.0
Nicaragua,Sorghum,2007,107625.0
Nicaragua,Sorghum,2008,74624.0
Nicaragua,Sorghum,2009,57733.0
Nicaragua,Sorghum,2010,58775.91
Nicaragua,Sorghum,2011,91793.32
Nicaragua,Sorghum,2012,98618.91
Nicaragua,Sorghum,2013,99661.81
Nicaragua,Sorghum,2014,109092.17
Nicaragua,Sorghum,2015,91441.34
Nicaragua,Sorghum,2016,104332.9
Nicaragua,Sorghum,2017,78018.62
Nicaragua,Sorghum,2018,60156.0
Nicaragua,Sorghum,2019,57145.0
Nicaragua,Sorghum,2020,57058.0
Nicaragua,Sorghum,2021,56375.58
Nicaragua,Sorghum,2022,63712.83
Nicaragua,Sorghum,2023,26595.66
Panama,Sorghum,1961,0.0
Panama,Sorghum,1962,0.0
Panama,Sorghum,1963,0.0
Panama,Sorghum,1964,0.0
Panama,Sorghum,1965,0.0
Panama,Sorghum,1966,0.0
Panama,Sorghum,1967,0.0
Panama,Sorghum,1968,0.0
Panama,Sorghum,1969,0.0
Panama,Sorghum,1970,0.0
Panama,Sorghum,1971,0.0
Panama,Sorghum,1972,0.0
Panama,Sorghum,1973,0.0
Panama,Sorghum,1974,0.0
Panama,Sorghum,1975,0.0
Panama,Sorghum,1976,0.0
Panama,Sorghum,1977,0.0
Panama,Sorghum,1978,0.0
Panama,Sorghum,1979,18000.0
Panama,Sorghum,1980,19030.0
Panama,Sorghum,1981,19140.0
Panama,Sorghum,1982,18000.0
Panama,Sorghum,1983,17500.0
Panama,Sorghum,1984,17365.0
Panama,Sorghum,1985,18998.0
Panama,Sorghum,1986,20271.0
Panama,Sorghum,1987,25827.0
Panama,Sorghum,1988,22593.0
Panama,Sorghum,1989,30443.0
Panama,Sorghum,1990,23050.0
Panama,Sorghum,1991,25509.0
Panama,Sorghum,1992,21559.0
Panama,Sorghum,1993,14286.0
Panama,Sorghum,1994,13128.0
Panama,Sorghum,1995,22595.0
Panama,Sorghum,1996,20140.0
Panama,Sorghum,1997,19059.0
Panama,Sorghum,1998,1500.0
Panama,Sorghum,1999,1918.0
Panama,Sorghum,2000,1140.0
Panama,Sorghum,2001,2784.0
Panama,Sorghum,2002,2785.0
Panama,Sorghum,2003,5956.0
Panama,Sorghum,2004,7274.7
Panama,Sorghum,2005,10018.3
Panama,Sorghum,2006,7886.0
Panama,Sorghum,2007,8938.0
Panama,Sorghum,2008,8783.0
Panama,Sorghum,2009,4294.0
Panama,Sorghum,2010,4642.0
Panama,Sorghum,2011,3628.0
Panama,Sorghum,2012,4227.0
Panama,Sorghum,2013,4728.0
Panama,Sorghum,2014,5513.0
Panama,Sorghum,2015,3621.0
Panama,Sorghum,2016,1038.0
Panama,Sorghum,2017,918.0
Panama,Sorghum,2018,404.0
Panama,Sorghum,2019,3656.0
Panama,Sorghum,2020,3648.0
Panama,Sorghum,2021,815.0
Panama,Sorghum,2022,2300.0
Panama,Sorghum,2023,2100.0
Panama,Sorghum,2024,1950.0
Paraguay,Sorghum,1961,3800.0
Paraguay,Sorghum,1962,3500.0
Paraguay,Sorghum,1963,3000.0
Paraguay,Sorghum,1964,3680.0
Paraguay,Sorghum,1965,3800.0
Paraguay,Sorghum,1966,3900.0
Paraguay,Sorghum,1967,4100.0
Paraguay,Sorghum,1968,6000.0
Paraguay,Sorghum,1969,6000.0
Paraguay,Sorghum,1970,4800.0
Paraguay,Sorghum,1971,5500.0
Paraguay,Sorghum,1972,5775.0
Paraguay,Sorghum,1973,5925.0
Paraguay,Sorghum,1974,7294.0
Paraguay,Sorghum,1975,8069.0
Paraguay,Sorghum,1976,9000.0
Paraguay,Sorghum,1977,8680.0
Paraguay,Sorghum,1978,8106.0
Paraguay,Sorghum,1979,8518.0
Paraguay,Sorghum,1980,9000.0
Paraguay,Sorghum,1981,9980.0
Paraguay,Sorghum,1982,10479.0
Paraguay,Sorghum,1983,10752.0
Paraguay,Sorghum,1984,7364.0
Paraguay,Sorghum,1985,7586.0
Paraguay,Sorghum,1986,6069.0
Paraguay,Sorghum,1987,13020.0
Paraguay,Sorghum,1988,13824.0
Paraguay,Sorghum,1989,15066.0
Paraguay,Sorghum,1990,14208.0
Paraguay,Sorghum,1991,13398.0
Paraguay,Sorghum,1992,24880.0
Paraguay,Sorghum,1993,18923.0
Paraguay,Sorghum,1994,22205.0
Paraguay,Sorghum,1995,25777.0
Paraguay,Sorghum,1996,23316.0
Paraguay,Sorghum,1997,24007.0
Paraguay,Sorghum,1998,21479.0
Paraguay,Sorghum,1999,22908.0
Paraguay,Sorghum,2000,34239.0
Paraguay,Sorghum,2001,42519.0
Paraguay,Sorghum,2002,39968.0
Paraguay,Sorghum,2003,27384.0
Paraguay,Sorghum,2004,19103.0
Paraguay,Sorghum,2005,17200.0
Paraguay,Sorghum,2006,25085.0
Paraguay,Sorghum,2007,25000.0
Paraguay,Sorghum,2008,26501.0
Paraguay,Sorghum,2009,26495.0
Paraguay,Sorghum,2010,149543.0
Paraguay,Sorghum,2011,149543.0
Paraguay,Sorghum,2012,124625.0
Paraguay,Sorghum,2013,104995.0
Paraguay,Sorghum,2014,87500.0
Paraguay,Sorghum,2015,107937.0
Paraguay,Sorghum,2016,107880.0
Paraguay,Sorghum,2017,107880.0
Paraguay,Sorghum,2018,107879.0
Paraguay,Sorghum,2019,107930.0
Paraguay,Sorghum,2020,107955.0
Paraguay,Sorghum,2021,107932.0
Paraguay,Sorghum,2022,32336.0
Paraguay,Sorghum,2023,36611.0
Paraguay,Sorghum,2024,44208.42
Peru,Sorghum,1961,2060.0
Peru,Sorghum,1962,2180.0
Peru,Sorghum,1963,2100.0
Peru,Sorghum,1964,2140.0
Peru,Sorghum,1965,4016.0
Peru,Sorghum,1966,3408.0
Peru,Sorghum,1967,3512.0
Peru,Sorghum,1968,1593.0
Peru,Sorghum,1969,3062.0
Peru,Sorghum,1970,12217.0
Peru,Sorghum,1971,17663.0
Peru,Sorghum,1972,23472.0
Peru,Sorghum,1973,28073.0
Peru,Sorghum,1974,21700.0
Peru,Sorghum,1975,29402.0
Peru,Sorghum,1976,45945.0
Peru,Sorghum,1977,55213.0
Peru,Sorghum,1978,59008.0
Peru,Sorghum,1979,54663.0
Peru,Sorghum,1980,35870.0
Peru,Sorghum,1981,48009.0
Peru,Sorghum,1982,38726.0
Peru,Sorghum,1983,12695.0
Peru,Sorghum,1984,43784.0
Peru,Sorghum,1985,23115.0
Peru,Sorghum,1986,37919.0
Peru,Sorghum,1987,23818.0
Peru,Sorghum,1988,31823.0
Peru,Sorghum,1989,36798.0
Peru,Sorghum,1990,13018.0
Peru,Sorghum,1991,31413.0
Peru,Sorghum,1992,3594.0
Peru,Sorghum,1993,16576.0
Peru,Sorghum,1994,4201.0
Peru,Sorghum,1995,4170.0
Peru,Sorghum,1996,2908.0
Peru,Sorghum,1997,1327.0
Peru,Sorghum,1998,212.0
Peru,Sorghum,1999,219.0
Peru,Sorghum,2000,322.0
Peru,Sorghum,2001,38.0
Peru,Sorghum,2002,26.0
Peru,Sorghum,2003,175.0
Peru,Sorghum,2004,99.0
Peru,Sorghum,2005,77.0
Peru,Sorghum,2006,405.0
Peru,Sorghum,2007,53.0
Peru,Sorghum,2008,125.0
Peru,Sorghum,2009,153.0
Peru,Sorghum,2010,50.0
Peru,Sorghum,2011,94.0
Peru,Sorghum,2012,124.7
Peru,Sorghum,2013,148.87
Peru,Sorghum,2014,418.28
Peru,Sorghum,2015,157.0
Peru,Sorghum,2016,91.69
Peru,Sorghum,2017,164.0
Peru,Sorghum,2018,208.54
Peru,Sorghum,2019,91.69
Peru,Sorghum,2020,136.64
Peru,Sorghum,2021,119.8
Peru,Sorghum,2022,68.64
Peru,Sorghum,2023,176.0
Peru,Sorghum,2024,240.0
United States of America,Sorghum,1961,12198000.0
United States of America,Sorghum,1962,12962000.0
United States of America,Sorghum,1963,14870000.0
United States of America,Sorghum,1964,12441000.0
United States of America,Sorghum,1965,17087008.0
United States of America,Sorghum,1966,18161520.0
United States of America,Sorghum,1967,19186496.0
United States of America,Sorghum,1968,18575168.0
United States of America,Sorghum,1969,18540672.0
United States of America,Sorghum,1970,17353424.0
United States of America,Sorghum,1971,22048000.0
United States of America,Sorghum,1972,20355088.0
United States of America,Sorghum,1973,23450816.0
United States of America,Sorghum,1974,15817482.0
United States of America,Sorghum,1975,19161344.0
United States of America,Sorghum,1976,18054960.0
United States of America,Sorghum,1977,19836752.0
United States of America,Sorghum,1978,18575104.0
United States of America,Sorghum,1979,20509296.0
United States of America,Sorghum,1980,14715900.0
United States of America,Sorghum,1981,22247104.0
United States of America,Sorghum,1982,21211904.0
United States of America,Sorghum,1983,12383500.0
United States of America,Sorghum,1984,22004000.0
United States of America,Sorghum,1985,28456000.0
United States of America,Sorghum,1986,23848000.0
United States of America,Sorghum,1987,18563408.0
United States of America,Sorghum,1988,14648000.0
United States of America,Sorghum,1989,15632000.0
United States of America,Sorghum,1990,14562000.0
United States of America,Sorghum,1991,14856130.0
United States of America,Sorghum,1992,22226580.0
United States of America,Sorghum,1993,13568590.0
United States of America,Sorghum,1994,16402580.0
United States of America,Sorghum,1995,11650200.0
United States of America,Sorghum,1996,20200890.0
United States of America,Sorghum,1997,16092780.0
United States of America,Sorghum,1998,13206910.0
United States of America,Sorghum,1999,15117910.0
United States of America,Sorghum,2000,11951910.0
United States of America,Sorghum,2001,13057220.0
United States of America,Sorghum,2002,9162530.0
United States of America,Sorghum,2003,10445440.0
United States of America,Sorghum,2004,11522120.0
United States of America,Sorghum,2005,9976030.0
United States of America,Sorghum,2006,7031650.0
United States of America,Sorghum,2007,12635690.0
United States of America,Sorghum,2008,12087270.0
United States of America,Sorghum,2009,9693210.0
United States of America,Sorghum,2010,8775190.0
United States of America,Sorghum,2011,5410270.0
United States of America,Sorghum,2012,6292940.0
United States of America,Sorghum,2013,9965670.0
United States of America,Sorghum,2014,10987910.0
United States of America,Sorghum,2015,15158170.0
United States of America,Sorghum,2016,12199190.0
United States of America,Sorghum,2017,9191950.0
United States of America,Sorghum,2018,9271070.0
United States of America,Sorghum,2019,8673480.0
United States of America,Sorghum,2020,9473620.0
United States of America,Sorghum,2021,11374900.0
United States of America,Sorghum,2022,4769960.0
United States of America,Sorghum,2023,8071090.0
United States of America,Sorghum,2024,8734190.0
Uruguay,Sorghum,1961,10.0
Uruguay,Sorghum,1962,15.0
Uruguay,Sorghum,1963,150.0
Uruguay,Sorghum,1964,1500.0
Uruguay,Sorghum,1965,16211.0
Uruguay,Sorghum,1966,15276.0
Uruguay,Sorghum,1967,27678.0
Uruguay,Sorghum,1968,29651.0
Uruguay,Sorghum,1969,50613.0
Uruguay,Sorghum,1970,36164.0
Uruguay,Sorghum,1971,72162.0
Uruguay,Sorghum,1972,56866.0
Uruguay,Sorghum,1973,225017.0
Uruguay,Sorghum,1974,192853.0
Uruguay,Sorghum,1975,76969.0
Uruguay,Sorghum,1976,118413.0
Uruguay,Sorghum,1977,161803.0
Uruguay,Sorghum,1978,183855.0
Uruguay,Sorghum,1979,53792.0
Uruguay,Sorghum,1980,84419.0
Uruguay,Sorghum,1981,198900.0
Uruguay,Sorghum,1982,122887.0
Uruguay,Sorghum,1983,106623.0
Uruguay,Sorghum,1984,118680.0
Uruguay,Sorghum,1985,151563.0
Uruguay,Sorghum,1986,104500.0
Uruguay,Sorghum,1987,90062.0
Uruguay,Sorghum,1988,121183.0
Uruguay,Sorghum,1989,78854.0
Uruguay,Sorghum,1990,59381.0
Uruguay,Sorghum,1991,92300.0
Uruguay,Sorghum,1992,138900.0
Uruguay,Sorghum,1993,132600.0
Uruguay,Sorghum,1994,66000.0
Uruguay,Sorghum,1995,139000.0
Uruguay,Sorghum,1996,92100.0
Uruguay,Sorghum,1997,129700.0
Uruguay,Sorghum,1998,91100.0
Uruguay,Sorghum,1999,106100.0
Uruguay,Sorghum,2000,19900.0
Uruguay,Sorghum,2001,142611.0
Uruguay,Sorghum,2002,61904.0
Uruguay,Sorghum,2003,60209.0
Uruguay,Sorghum,2004,69682.0
Uruguay,Sorghum,2005,84700.0
Uruguay,Sorghum,2006,61300.0
Uruguay,Sorghum,2007,162766.0
Uruguay,Sorghum,2008,151200.0
Uruguay,Sorghum,2009,324200.0
Uruguay,Sorghum,2010,138000.0
Uruguay,Sorghum,2011,123400.0
Uruguay,Sorghum,2012,372000.0
Uruguay,Sorghum,2013,209000.0
Uruguay,Sorghum,2014,302700.0
Uruguay,Sorghum,2015,326000.0
Uruguay,Sorghum,2016,238000.0
Uruguay,Sorghum,2017,214000.0
Uruguay,Sorghum,2018,76000.0
Uruguay,Sorghum,2019,145000.0
Uruguay,Sorghum,2020,98800.0
Uruguay,Sorghum,2021,110200.0
Uruguay,Sorghum,2022,84400.0
Uruguay,Sorghum,2023,24000.0
Uruguay,Sorghum,2024,65036.9
Venezuela (Bolivarian Republic of),Sorghum,1961,0.0
Venezuela (Bolivarian Republic of),Sorghum,1962,0.0
Venezuela (Bolivarian Republic of),Sorghum,1963,0.0
Venezuela (Bolivarian Republic of),Sorghum,1964,2195.0
Venezuela (Bolivarian Republic of),Sorghum,1965,3665.0
Venezuela (Bolivarian Republic of),Sorghum,1966,10559.0
Venezuela (Bolivarian Republic of),Sorghum,1967,15768.0
Venezuela (Bolivarian Republic of),Sorghum,1968,21830.0
Venezuela (Bolivarian Republic of),Sorghum,1969,5493.0
Venezuela (Bolivarian Republic of),Sorghum,1970,6532.0
Venezuela (Bolivarian Republic of),Sorghum,1971,2405.0
Venezuela (Bolivarian Republic of),Sorghum,1972,7128.0
Venezuela (Bolivarian Republic of),Sorghum,1973,8682.0
Venezuela (Bolivarian Republic of),Sorghum,1974,34050.0
Venezuela (Bolivarian Republic of),Sorghum,1975,70380.0
Venezuela (Bolivarian Republic of),Sorghum,1976,124073.0
Venezuela (Bolivarian Republic of),Sorghum,1977,280008.0
Venezuela (Bolivarian Republic of),Sorghum,1978,339819.0
Venezuela (Bolivarian Republic of),Sorghum,1979,395779.0
Venezuela (Bolivarian Republic of),Sorghum,1980,352611.0
Venezuela (Bolivarian Republic of),Sorghum,1981,346558.0
Venezuela (Bolivarian Republic of),Sorghum,1982,377272.0
Venezuela (Bolivarian Republic of),Sorghum,1983,364006.0
Venezuela (Bolivarian Republic of),Sorghum,1984,472451.0
Venezuela (Bolivarian Republic of),Sorghum,1985,481436.0
Venezuela (Bolivarian Republic of),Sorghum,1986,755889.0
Venezuela (Bolivarian Republic of),Sorghum,1987,777239.0
Venezuela (Bolivarian Republic of),Sorghum,1988,819838.0
Venezuela (Bolivarian Republic of),Sorghum,1989,595204.0
Venezuela (Bolivarian Republic of),Sorghum,1990,376384.0
Venezuela (Bolivarian Republic of),Sorghum,1991,615088.0
Venezuela (Bolivarian Republic of),Sorghum,1992,511228.0
Venezuela (Bolivarian Republic of),Sorghum,1993,472688.0
Venezuela (Bolivarian Republic of),Sorghum,1994,446217.0
Venezuela (Bolivarian Republic of),Sorghum,1995,504018.0
Venezuela (Bolivarian Republic of),Sorghum,1996,436320.0
Venezuela (Bolivarian Republic of),Sorghum,1997,420996.0
Venezuela (Bolivarian Republic of),Sorghum,1998,448871.0
Venezuela (Bolivarian Republic of),Sorghum,1999,363874.0
Venezuela (Bolivarian Republic of),Sorghum,2000,581526.0
Venezuela (Bolivarian Republic of),Sorghum,2001,554064.0
Venezuela (Bolivarian Republic of),Sorghum,2002,508652.0
Venezuela (Bolivarian Republic of),Sorghum,2003,614214.0
Venezuela (Bolivarian Republic of),Sorghum,2004,563345.0
Venezuela (Bolivarian Republic of),Sorghum,2005,385439.0
Venezuela (Bolivarian Republic of),Sorghum,2006,584376.0
Venezuela (Bolivarian Republic of),Sorghum,2007,382116.0
Venezuela (Bolivarian Republic of),Sorghum,2008,376959.0
Venezuela (Bolivarian Republic of),Sorghum,2009,427868.0
Venezuela (Bolivarian Republic of),Sorghum,2010,392630.0
Venezuela (Bolivarian Republic of),Sorghum,2011,376628.0
Venezuela (Bolivarian Republic of),Sorghum,2012,157769.0
Venezuela (Bolivarian Republic of),Sorghum,2013,152538.0
Venezuela (Bolivarian Republic of),Sorghum,2014,132804.0
Venezuela (Bolivarian Republic of),Sorghum,2015,52463.0
Venezuela (Bolivarian Republic of),Sorghum,2016,43102.16
Venezuela (Bolivarian Republic of),Sorghum,2017,44524.0
Venezuela (Bolivarian Republic of),Sorghum,2018,44381.0
Venezuela (Bolivarian Republic of),Sorghum,2019,39083.0
Venezuela (Bolivarian Republic of),Sorghum,2020,55162.92
Venezuela (Bolivarian Republic of),Sorghum,2021,33442.0
Venezuela (Bolivarian Republic of),Sorghum,2022,53505.0
Venezuela (Bolivarian Republic of),Sorghum,2023,41273.0
Venezuela (Bolivarian Republic of),Sorghum,2024,42079.55
